상품번호,상품명,종류,가로(m),깊이(m),높이(m),옵션,대여/구매,단가(원),가격 기준 기간(일),연장 1일 금액(원),부가세 포함,가격 상태,가격 기준일,가격 출처,보증금(원),세트 구성품,3D 모델 URL,3D 모델 사용 조건,표시 색상,비고
TEST-R01,행거,행거,1,0.5,1.6,,대여,100000,7,12000,포함,확인,2026-09-25,가상 검증 데이터(브리프 9장),0,,,,#8a8f98,
TEST-R02,행거 1.5m,행거,1.5,0.5,1.6,,대여,130000,7,,포함,확인,2026-09-25,가상 검증 데이터(브리프 9장),0,,,,#8a8f98,
TEST-C01,카운터,카운터,1.2,0.6,0.9,,대여,150000,7,,포함,확인,2026-09-25,가상 검증 데이터(브리프 9장),0,,,,#e9e4da,
TEST-C02,카운터 1.8m,카운터,1.8,0.6,0.9,,대여,210000,7,,포함,확인,2026-09-25,가상 검증 데이터(브리프 9장),0,,,,#e9e4da,
TEST-P01,포토존 모듈,포토존,2,0.4,2,,대여,250000,7,,포함,확인,2026-09-25,가상 검증 데이터(브리프 9장),0,배경 패널 2 · 지지대 2 · 바닥 받침 1,,,#ff5a1f,
TEST-P02,포토존 아치,포토존,2.4,0.6,2.4,,대여,380000,7,,포함,추정,2026-09-25,가상 검증 데이터(브리프 9장),,,,,#ff5a1f,
TEST-T01,진열 테이블,테이블,1.2,0.6,0.75,,대여,80000,7,,포함,확인,2026-09-25,가상 검증 데이터(브리프 9장),,,,,#c9a77c,
TEST-D01,원형 좌대 3단 세트,진열대,0.9,0.9,0.9,,대여,90000,7,,포함,추정,2026-09-25,가상 검증 데이터(브리프 9장),,좌대 3개(높이 0.9/0.6/0.3m),,,#f2f2f2,
TEST-S01,벽 선반,선반,1,0.4,1.8,,대여,90000,7,,포함,확인,2026-09-25,가상 검증 데이터(브리프 9장),,,,,#b98b5e,
TEST-M01,전신 거울,거울,0.6,0.3,1.8,,대여,40000,7,,포함,확인,2026-09-25,가상 검증 데이터(브리프 9장),,,,,#cfd8dc,
TEST-L01,스탠드 조명,조명,0.5,0.5,1.8,,대여,,7,,포함,미확인,2026-09-25,가상 검증 데이터(브리프 9장),,,,,#333333,
